{
    "rmse": 0.7766464470136211,
    "mae": 0.6320534241293572,
    "r2": 0.07700949424424397
}